"x","y","z"
10,10,200
10,20,200
10,30,202
10,40,202
10,50,202
10,60,202
10,70,202
10,80,200
10,90,200
10,100,200
10,110,202
10,120,202
10,130,204
10,140,204
10,150,204
10,160,204
10,170,206
10,180,208
10,190,206
10,200,204
10,210,202
10,220,202
10,230,204
10,240,206
10,250,208
10,260,208
10,270,210
10,280,214
10,290,214
10,300,214
10,310,216
10,320,216
10,330,220
10,340,220
10,350,220
10,360,220
10,370,220
10,380,220
10,390,220
10,400,220
10,410,216
10,420,216
10,430,216
10,440,214
10,450,214
10,460,216
10,470,216
10,480,216
10,490,216
10,500,216
10,510,214
10,520,214
10,530,214
10,540,214
10,550,212
10,560,212
10,570,210
10,580,210
10,590,208
10,600,208
10,610,206
20,10,202
20,20,202
20,30,204
20,40,204
20,50,204
20,60,204
20,70,204
20,80,202
20,90,202
20,100,202
20,110,204
20,120,204
20,130,206
20,140,206
20,150,206
20,160,206
20,170,208
20,180,210
20,190,208
20,200,206
20,210,204
20,220,204
20,230,206
20,240,210
20,250,212
20,260,212
20,270,214
20,280,218
20,290,220
20,300,220
20,310,220
20,320,220
20,330,222
20,340,224
20,350,226
20,360,228
20,370,232
20,380,230
20,390,228
20,400,224
20,410,220
20,420,220
20,430,220
20,440,218
20,450,216
20,460,218
20,470,218
20,480,218
20,490,218
20,500,216
20,510,216
20,520,216
20,530,216
20,540,214
20,550,214
20,560,212
20,570,212
20,580,210
20,590,210
20,600,208
20,610,208
30,10,204
30,20,204
30,30,206
30,40,206
30,50,206
30,60,206
30,70,206
30,80,204
30,90,204
30,100,204
30,110,206
30,120,206
30,130,208
30,140,208
30,150,208
30,160,208
30,170,210
30,180,212
30,190,210
30,200,208
30,210,208
30,220,210
30,230,212
30,240,214
30,250,216
30,260,220
30,270,222
30,280,226
30,290,228
30,300,230
30,310,228
30,320,230
30,330,232
30,340,236
30,350,238
30,360,238
30,370,242
30,380,242
30,390,240
30,400,236
30,410,232
30,420,228
30,430,224
30,440,222
30,450,220
30,460,220
30,470,220
30,480,220
30,490,218
30,500,218
30,510,218
30,520,218
30,530,216
30,540,216
30,550,214
30,560,214
30,570,212
30,580,212
30,590,210
30,600,210
30,610,208
40,10,206
40,20,206
40,30,208
40,40,208
40,50,208
40,60,208
40,70,208
40,80,206
40,90,206
40,100,206
40,110,206
40,120,208
40,130,208
40,140,208
40,150,210
40,160,210
40,170,212
40,180,214
40,190,212
40,200,212
40,210,212
40,220,214
40,230,216
40,240,220
40,250,222
40,260,228
40,270,234
40,280,236
40,290,234
40,300,238
40,310,240
40,320,242
40,330,244
40,340,248
40,350,250
40,360,252
40,370,254
40,380,254
40,390,252
40,400,248
40,410,244
40,420,240
40,430,234
40,440,232
40,450,226
40,460,222
40,470,220
40,480,220
40,490,220
40,500,218
40,510,218
40,520,218
40,530,218
40,540,216
40,550,216
40,560,214
40,570,214
40,580,212
40,590,212
40,600,210
40,610,210
50,10,208
50,20,208
50,30,210
50,40,210
50,50,210
50,60,210
50,70,210
50,80,208
50,90,208
50,100,206
50,110,208
50,120,208
50,130,210
50,140,210
50,150,210
50,160,212
50,170,214
50,180,216
50,190,216
50,200,216
50,210,218
50,220,220
50,230,224
50,240,228
50,250,230
50,260,236
50,270,242
50,280,244
50,290,242
50,300,246
50,310,256
50,320,262
50,330,258
50,340,260
50,350,262
50,360,262
50,370,264
50,380,264
50,390,262
50,400,260
50,410,256
50,420,252
50,430,244
50,440,238
50,450,230
50,460,228
50,470,224
50,480,220
50,490,220
50,500,220
50,510,220
50,520,220
50,530,218
50,540,218
50,550,216
50,560,214
50,570,214
50,580,214
50,590,212
50,600,212
50,610,210
60,10,210
60,20,210
60,30,210
60,40,212
60,50,212
60,60,212
60,70,212
60,80,210
60,90,210
60,100,208
60,110,208
60,120,210
60,130,210
60,140,212
60,150,212
60,160,214
60,170,218
60,180,220
60,190,220
60,200,224
60,210,226
60,220,230
60,230,232
60,240,236
60,250,238
60,260,242
60,270,248
60,280,252
60,290,252
60,300,258
60,310,268
60,320,274
60,330,274
60,340,272
60,350,272
60,360,270
60,370,272
60,380,272
60,390,272
60,400,270
60,410,266
60,420,258
60,430,252
60,440,244
60,450,236
60,460,232
60,470,230
60,480,226
60,490,222
60,500,220
60,510,220
60,520,220
60,530,220
60,540,218
60,550,216
60,560,216
60,570,216
60,580,214
60,590,214
60,600,212
60,610,212
70,10,210
70,20,212
70,30,212
70,40,214
70,50,214
70,60,214
70,70,214
70,80,212
70,90,212
70,100,210
70,110,210
70,120,212
70,130,212
70,140,214
70,150,216
70,160,218
70,170,222
70,180,226
70,190,228
70,200,232
70,210,236
70,220,240
70,230,242
70,240,244
70,250,246
70,260,250
70,270,254
70,280,258
70,290,260
70,300,270
70,310,280
70,320,284
70,330,284
70,340,284
70,350,282
70,360,280
70,370,280
70,380,280
70,390,280
70,400,278
70,410,274
70,420,268
70,430,258
70,440,250
70,450,242
70,460,236
70,470,232
70,480,228
70,490,224
70,500,220
70,510,220
70,520,220
70,530,222
70,540,220
70,550,218
70,560,218
70,570,216
70,580,216
70,590,214
70,600,214
70,610,212
80,10,212
80,20,214
80,30,214
80,40,216
80,50,216
80,60,216
80,70,216
80,80,214
80,90,214
80,100,212
80,110,212
80,120,214
80,130,216
80,140,216
80,150,220
80,160,226
80,170,230
80,180,234
80,190,236
80,200,240
80,210,244
80,220,248
80,230,250
80,240,254
80,250,256
80,260,258
80,270,262
80,280,268
80,290,270
80,300,282
80,310,292
80,320,294
80,330,292
80,340,292
80,350,290
80,360,288
80,370,288
80,380,288
80,390,286
80,400,284
80,410,282
80,420,278
80,430,270
80,440,260
80,450,252
80,460,244
80,470,236
80,480,232
80,490,228
80,500,224
80,510,224
80,520,226
80,530,224
80,540,220
80,550,220
80,560,218
80,570,218
80,580,216
80,590,216
80,600,214
80,610,212
90,10,214
90,20,216
90,30,216
90,40,218
90,50,218
90,60,218
90,70,218
90,80,216
90,90,216
90,100,214
90,110,216
90,120,216
90,130,220
90,140,222
90,150,226
90,160,232
90,170,236
90,180,240
90,190,246
90,200,250
90,210,254
90,220,258
90,230,260
90,240,264
90,250,268
90,260,270
90,270,274
90,280,278
90,290,284
90,300,292
90,310,304
90,320,304
90,330,302
90,340,302
90,350,300
90,360,298
90,370,296
90,380,296
90,390,292
90,400,290
90,410,286
90,420,284
90,430,278
90,440,270
90,450,262
90,460,254
90,470,244
90,480,238
90,490,234
90,500,230
90,510,230
90,520,230
90,530,228
90,540,224
90,550,220
90,560,220
90,570,218
90,580,218
90,590,216
90,600,214
90,610,214
100,10,216
100,20,218
100,30,218
100,40,220
100,50,220
100,60,220
100,70,220
100,80,218
100,90,218
100,100,216
100,110,220
100,120,220
100,130,226
100,140,232
100,150,236
100,160,240
100,170,244
100,180,250
100,190,254
100,200,258
100,210,266
100,220,272
100,230,276
100,240,280
100,250,282
100,260,284
100,270,296
100,280,300
100,290,302
100,300,312
100,310,316
100,320,318
100,330,316
100,340,314
100,350,316
100,360,316
100,370,308
100,380,302
100,390,298
100,400,296
100,410,292
100,420,288
100,430,282
100,440,274
100,450,268
100,460,260
100,470,250
100,480,244
100,490,240
100,500,236
100,510,234
100,520,234
100,530,230
100,540,226
100,550,222
100,560,220
100,570,220
100,580,218
100,590,216
100,600,214
100,610,214
110,10,218
110,20,220
110,30,220
110,40,222
110,50,222
110,60,222
110,70,222
110,80,220
110,90,220
110,100,220
110,110,224
110,120,228
110,130,236
110,140,242
110,150,246
110,160,250
110,170,254
110,180,258
110,190,266
110,200,274
110,210,282
110,220,286
110,230,290
110,240,292
110,250,296
110,260,300
110,270,308
110,280,312
110,290,318
110,300,322
110,310,324
110,320,326
110,330,328
110,340,326
110,350,328
110,360,328
110,370,320
110,380,314
110,390,308
110,400,302
110,410,298
110,420,292
110,430,288
110,440,280
110,450,274
110,460,266
110,470,258
110,480,252
110,490,248
110,500,242
110,510,238
110,520,236
110,530,232
110,540,228
110,550,224
110,560,222
110,570,220
110,580,218
110,590,216
110,600,214
110,610,212
120,10,220
120,20,220
120,30,222
120,40,226
120,50,224
120,60,222
120,70,226
120,80,224
120,90,224
120,100,228
120,110,232
120,120,238
120,130,242
120,140,248
120,150,254
120,160,258
120,170,266
120,180,276
120,190,286
120,200,292
120,210,298
120,220,298
120,230,302
120,240,306
120,250,308
120,260,314
120,270,318
120,280,320
120,290,326
120,300,330
120,310,332
120,320,334
120,330,336
120,340,336
120,350,336
120,360,336
120,370,332
120,380,324
120,390,318
120,400,314
120,410,308
120,420,304
120,430,298
120,440,288
120,450,280
120,460,272
120,470,266
120,480,262
120,490,256
120,500,250
120,510,244
120,520,238
120,530,234
120,540,230
120,550,226
120,560,222
120,570,220
120,580,218
120,590,216
120,600,214
120,610,212
130,10,220
130,20,222
130,30,226
130,40,230
130,50,228
130,60,226
130,70,228
130,80,228
130,90,230
130,100,234
130,110,238
130,120,242
130,130,248
130,140,252
130,150,258
130,160,266
130,170,280
130,180,290
130,190,300
130,200,308
130,210,310
130,220,310
130,230,314
130,240,318
130,250,322
130,260,324
130,270,328
130,280,330
130,290,334
130,300,336
130,310,338
130,320,340
130,330,344
130,340,348
130,350,344
130,360,344
130,370,342
130,380,338
130,390,332
130,400,326
130,410,322
130,420,316
130,430,306
130,440,296
130,450,286
130,460,280
130,470,274
130,480,268
130,490,262
130,500,256
130,510,250
130,520,240
130,530,236
130,540,232
130,550,228
130,560,224
130,570,220
130,580,218
130,590,216
130,600,214
130,610,210
140,10,222
140,20,226
140,30,230
140,40,234
140,50,232
140,60,230
140,70,232
140,80,234
140,90,234
140,100,238
140,110,242
140,120,248
140,130,252
140,140,256
140,150,264
140,160,274
140,170,286
140,180,302
140,190,312
140,200,322
140,210,322
140,220,324
140,230,326
140,240,330
140,250,332
140,260,334
140,270,336
140,280,340
140,290,342
140,300,346
140,310,350
140,320,354
140,330,358
140,340,356
140,350,354
140,360,352
140,370,352
140,380,348
140,390,342
140,400,338
140,410,330
140,420,322
140,430,312
140,440,304
140,450,296
140,460,288
140,470,280
140,480,276
140,490,270
140,500,262
140,510,254
140,520,246
140,530,238
140,540,234
140,550,230
140,560,226
140,570,222
140,580,220
140,590,216
140,600,212
140,610,210
150,10,228
150,20,230
150,30,234
150,40,234
150,50,234
150,60,236
150,70,238
150,80,238
150,90,240
150,100,242
150,110,248
150,120,252
150,130,256
150,140,262
150,150,274
150,160,286
150,170,300
150,180,312
150,190,320
150,200,326
150,210,330
150,220,336
150,230,340
150,240,342
150,250,344
150,260,346
150,270,348
150,280,350
150,290,354
150,300,358
150,310,360
150,320,364
150,330,366
150,340,366
150,350,366
150,360,366
150,370,360
150,380,356
150,390,354
150,400,344
150,410,336
150,420,328
150,430,320
150,440,312
150,450,304
150,460,296
150,470,288
150,480,282
150,490,276
150,500,268
150,510,260
150,520,252
150,530,242
150,540,234
150,550,228
150,560,224
150,570,220
150,580,220
150,590,216
150,600,212
150,610,208
160,10,232
160,20,236
160,30,236
160,40,236
160,50,240
160,60,242
160,70,242
160,80,244
160,90,244
160,100,246
160,110,250
160,120,256
160,130,260
160,140,268
160,150,282
160,160,294
160,170,304
160,180,312
160,190,320
160,200,330
160,210,336
160,220,340
160,230,348
160,240,352
160,250,358
160,260,360
160,270,362
160,280,362
160,290,364
160,300,364
160,310,366
160,320,368
160,330,372
160,340,374
160,350,374
160,360,368
160,370,368
160,380,362
160,390,360
160,400,352
160,410,344
160,420,336
160,430,330
160,440,322
160,450,314
160,460,306
160,470,298
160,480,290
160,490,284
160,500,276
160,510,266
160,520,258
160,530,250
160,540,240
160,550,230
160,560,222
160,570,220
160,580,220
160,590,216
160,600,212
160,610,208
170,10,236
170,20,240
170,30,240
170,40,242
170,50,244
170,60,246
170,70,248
170,80,248
170,90,250
170,100,252
170,110,254
170,120,258
170,130,264
170,140,270
170,150,284
170,160,298
170,170,306
170,180,314
170,190,322
170,200,332
170,210,340
170,220,348
170,230,356
170,240,360
170,250,364
170,260,366
170,270,368
170,280,368
170,290,370
170,300,372
170,310,372
170,320,374
170,330,378
170,340,378
170,350,378
170,360,378
170,370,378
170,380,372
170,390,364
170,400,358
170,410,350
170,420,342
170,430,336
170,440,330
170,450,324
170,460,314
170,470,304
170,480,298
170,490,290
170,500,282
170,510,274
170,520,262
170,530,250
170,540,240
170,550,232
170,560,222
170,570,220
170,580,220
170,590,216
170,600,212
170,610,208
180,10,240
180,20,242
180,30,244
180,40,246
180,50,248
180,60,250
180,70,252
180,80,254
180,90,254
180,100,256
180,110,260
180,120,264
180,130,268
180,140,274
180,150,284
180,160,302
180,170,310
180,180,316
180,190,324
180,200,338
180,210,344
180,220,352
180,230,362
180,240,366
180,250,368
180,260,372
180,270,374
180,280,376
180,290,378
180,300,378
180,310,378
180,320,378
180,330,380
180,340,380
180,350,382
180,360,380
180,370,380
180,380,376
180,390,372
180,400,366
180,410,360
180,420,350
180,430,342
180,440,336
180,450,330
180,460,322
180,470,314
180,480,304
180,490,298
180,500,290
180,510,282
180,520,268
180,530,254
180,540,242
180,550,232
180,560,224
180,570,220
180,580,220
180,590,216
180,600,212
180,610,208
190,10,240
190,20,244
190,30,250
190,40,252
190,50,252
190,60,254
190,70,256
190,80,258
190,90,260
190,100,260
190,110,264
190,120,268
190,130,272
190,140,278
190,150,290
190,160,304
190,170,314
190,180,320
190,190,334
190,200,344
190,210,350
190,220,356
190,230,362
190,240,370
190,250,372
190,260,376
190,270,380
190,280,382
190,290,384
190,300,386
190,310,386
190,320,384
190,330,384
190,340,382
190,350,384
190,360,382
190,370,382
190,380,380
190,390,380
190,400,374
190,410,368
190,420,362
190,430,354
190,440,344
190,450,338
190,460,330
190,470,322
190,480,312
190,490,304
190,500,294
190,510,286
190,520,278
190,530,262
190,540,246
190,550,238
190,560,230
190,570,222
190,580,220
190,590,216
190,600,212
190,610,210
200,10,242
200,20,248
200,30,252
200,40,256
200,50,258
200,60,258
200,70,260
200,80,262
200,90,264
200,100,266
200,110,270
200,120,274
200,130,278
200,140,286
200,150,300
200,160,308
200,170,318
200,180,328
200,190,340
200,200,346
200,210,352
200,220,358
200,230,368
200,240,372
200,250,378
200,260,380
200,270,382
200,280,384
200,290,386
200,300,388
200,310,390
200,320,388
200,330,386
200,340,384
200,350,382
200,360,382
200,370,382
200,380,382
200,390,380
200,400,380
200,410,376
200,420,368
200,430,362
200,440,354
200,450,346
200,460,338
200,470,330
200,480,320
200,490,310
200,500,298
200,510,290
200,520,284
200,530,272
200,540,258
200,550,246
200,560,236
200,570,228
200,580,220
200,590,216
200,600,216
200,610,214
210,10,244
210,20,250
210,30,254
210,40,260
210,50,260
210,60,262
210,70,266
210,80,268
210,90,270
210,100,272
210,110,274
210,120,280
210,130,286
210,140,294
210,150,308
210,160,316
210,170,324
210,180,332
210,190,342
210,200,348
210,210,354
210,220,362
210,230,372
210,240,378
210,250,380
210,260,380
210,270,382
210,280,384
210,290,382
210,300,382
210,310,380
210,320,378
210,330,376
210,340,378
210,350,380
210,360,380
210,370,382
210,380,380
210,390,380
210,400,380
210,410,378
210,420,372
210,430,368
210,440,362
210,450,354
210,460,346
210,470,338
210,480,328
210,490,316
210,500,304
210,510,296
210,520,288
210,530,280
210,540,268
210,550,250
210,560,236
210,570,230
210,580,222
210,590,220
210,600,216
210,610,214
220,10,244
220,20,250
220,30,256
220,40,260
220,50,264
220,60,266
220,70,270
220,80,272
220,90,274
220,100,278
220,110,280
220,120,286
220,130,294
220,140,304
220,150,314
220,160,322
220,170,328
220,180,336
220,190,344
220,200,350
220,210,358
220,220,364
220,230,372
220,240,380
220,250,380
220,260,380
220,270,380
220,280,378
220,290,374
220,300,368
220,310,368
220,320,366
220,330,364
220,340,364
220,350,366
220,360,366
220,370,366
220,380,368
220,390,370
220,400,372
220,410,374
220,420,372
220,430,370
220,440,368
220,450,362
220,460,354
220,470,346
220,480,338
220,490,326
220,500,314
220,510,298
220,520,290
220,530,282
220,540,272
220,550,260
220,560,238
220,570,232
220,580,224
220,590,220
220,600,216
220,610,212
230,10,246
230,20,252
230,30,258
230,40,262
230,50,266
230,60,270
230,70,274
230,80,276
230,90,278
230,100,282
230,110,286
230,120,294
230,130,300
230,140,312
230,150,322
230,160,328
230,170,334
230,180,340
230,190,346
230,200,354
230,210,362
230,220,368
230,230,374
230,240,376
230,250,380
230,260,378
230,270,374
230,280,370
230,290,366
230,300,358
230,310,352
230,320,348
230,330,348
230,340,348
230,350,348
230,360,348
230,370,352
230,380,354
230,390,358
230,400,360
230,410,364
230,420,366
230,430,364
230,440,362
230,450,362
230,460,360
230,470,352
230,480,342
230,490,332
230,500,320
230,510,304
230,520,294
230,530,284
230,540,276
230,550,266
230,560,252
230,570,242
230,580,230
230,590,220
230,600,212
230,610,210
240,10,248
240,20,254
240,30,260
240,40,264
240,50,270
240,60,274
240,70,276
240,80,280
240,90,284
240,100,288
240,110,294
240,120,298
240,130,308
240,140,314
240,150,322
240,160,330
240,170,336
240,180,342
240,190,350
240,200,356
240,210,362
240,220,368
240,230,372
240,240,374
240,250,374
240,260,368
240,270,368
240,280,362
240,290,358
240,300,350
240,310,342
240,320,338
240,330,336
240,340,336
240,350,336
240,360,338
240,370,340
240,380,344
240,390,348
240,400,354
240,410,356
240,420,358
240,430,360
240,440,362
240,450,362
240,460,360
240,470,358
240,480,348
240,490,334
240,500,322
240,510,310
240,520,296
240,530,288
240,540,278
240,550,268
240,560,256
240,570,242
240,580,230
240,590,220
240,600,212
240,610,210
250,10,246
250,20,256
250,30,262
250,40,266
250,50,272
250,60,276
250,70,280
250,80,284
250,90,288
250,100,292
250,110,298
250,120,302
250,130,308
250,140,314
250,150,320
250,160,328
250,170,336
250,180,344
250,190,350
250,200,356
250,210,362
250,220,366
250,230,368
250,240,368
250,250,370
250,260,366
250,270,360
250,280,354
250,290,348
250,300,340
250,310,334
250,320,330
250,330,328
250,340,328
250,350,328
250,360,330
250,370,332
250,380,336
250,390,342
250,400,350
250,410,352
250,420,356
250,430,360
250,440,362
250,450,360
250,460,360
250,470,358
250,480,354
250,490,340
250,500,326
250,510,314
250,520,300
250,530,288
250,540,278
250,550,268
250,560,256
250,570,242
250,580,230
250,590,220
250,600,216
250,610,214
260,10,246
260,20,254
260,30,262
260,40,268
260,50,272
260,60,276
260,70,280
260,80,284
260,90,288
260,100,294
260,110,298
260,120,302
260,130,308
260,140,314
260,150,320
260,160,328
260,170,336
260,180,342
260,190,348
260,200,356
260,210,360
260,220,362
260,230,362
260,240,364
260,250,366
260,260,362
260,270,356
260,280,346
260,290,338
260,300,332
260,310,326
260,320,322
260,330,322
260,340,320
260,350,320
260,360,322
260,370,326
260,380,330
260,390,336
260,400,346
260,410,352
260,420,356
260,430,358
260,440,360
260,450,362
260,460,360
260,470,360
260,480,350
260,490,346
260,500,332
260,510,318
260,520,304
260,530,290
260,540,278
260,550,268
260,560,254
260,570,242
260,580,230
260,590,220
260,600,218
260,610,216
270,10,240
270,20,248
270,30,256
270,40,262
270,50,268
270,60,274
270,70,278
270,80,284
270,90,288
270,100,292
270,110,298
270,120,302
270,130,306
270,140,312
270,150,320
270,160,326
270,170,334
270,180,342
270,190,348
270,200,356
270,210,360
270,220,360
270,230,360
270,240,360
270,250,360
270,260,360
270,270,350
270,280,342
270,290,334
270,300,324
270,310,320
270,320,316
270,330,314
270,340,314
270,350,314
270,360,316
270,370,318
270,380,324
270,390,332
270,400,340
270,410,350
270,420,354
270,430,356
270,440,360
270,450,362
270,460,362
270,470,360
270,480,356
270,490,350
270,500,338
270,510,320
270,520,308
270,530,296
270,540,280
270,550,268
270,560,256
270,570,242
270,580,230
270,590,220
270,600,220
270,610,218
280,10,236
280,20,242
280,30,250
280,40,258
280,50,264
280,60,268
280,70,274
280,80,280
280,90,284
280,100,290
280,110,294
280,120,298
280,130,302
280,140,310
280,150,318
280,160,326
280,170,332
280,180,338
280,190,346
280,200,354
280,210,358
280,220,360
280,230,360
280,240,360
280,250,360
280,260,358
280,270,348
280,280,338
280,290,332
280,300,322
280,310,316
280,320,312
280,330,308
280,340,306
280,350,306
280,360,308
280,370,312
280,380,318
280,390,326
280,400,338
280,410,346
280,420,350
280,430,356
280,440,360
280,450,362
280,460,360
280,470,360
280,480,358
280,490,350
280,500,340
280,510,320
280,520,308
280,530,298
280,540,284
280,550,270
280,560,256
280,570,244
280,580,232
280,590,222
280,600,220
280,610,220
290,10,234
290,20,240
290,30,242
290,40,250
290,50,258
290,60,264
290,70,270
290,80,276
290,90,280
290,100,286
290,110,290
290,120,294
290,130,298
290,140,306
290,150,314
290,160,320
290,170,326
290,180,332
290,190,342
290,200,348
290,210,354
290,220,358
290,230,360
290,240,360
290,250,360
290,260,358
290,270,344
290,280,336
290,290,328
290,300,320
290,310,314
290,320,308
290,330,302
290,340,298
290,350,300
290,360,300
290,370,308
290,380,316
290,390,328
290,400,338
290,410,348
290,420,356
290,430,360
290,440,360
290,450,360
290,460,360
290,470,356
290,480,354
290,490,350
290,500,340
290,510,322
290,520,306
290,530,296
290,540,284
290,550,270
290,560,258
290,570,246
290,580,232
290,590,226
290,600,224
290,610,220
300,10,230
300,20,236
300,30,240
300,40,244
300,50,252
300,60,260
300,70,266
300,80,272
300,90,276
300,100,282
300,110,286
300,120,290
300,130,296
300,140,302
300,150,308
300,160,314
300,170,320
300,180,326
300,190,336
300,200,342
300,210,348
300,220,354
300,230,358
300,240,358
300,250,358
300,260,352
300,270,342
300,280,334
300,290,328
300,300,320
300,310,312
300,320,306
300,330,298
300,340,296
300,350,298
300,360,302
300,370,310
300,380,316
300,390,326
300,400,340
300,410,346
300,420,354
300,430,358
300,440,360
300,450,360
300,460,360
300,470,356
300,480,350
300,490,346
300,500,342
300,510,324
300,520,308
300,530,294
300,540,282
300,550,272
300,560,260
300,570,248
300,580,234
300,590,230
300,600,224
300,610,220
310,10,228
310,20,232
310,30,236
310,40,240
310,50,244
310,60,254
310,70,262
310,80,266
310,90,272
310,100,276
310,110,282
310,120,286
310,130,292
310,140,296
310,150,302
310,160,308
310,170,314
310,180,320
310,190,328
310,200,336
310,210,342
310,220,348
310,230,356
310,240,356
310,250,358
310,260,354
310,270,346
310,280,338
310,290,330
310,300,322
310,310,314
310,320,308
310,330,302
310,340,298
310,350,300
310,360,304
310,370,310
310,380,318
310,390,332
310,400,342
310,410,350
310,420,354
310,430,358
310,440,360
310,450,360
310,460,358
310,470,352
310,480,348
310,490,342
310,500,336
310,510,318
310,520,302
310,530,292
310,540,282
310,550,270
310,560,258
310,570,248
310,580,238
310,590,232
310,600,226
310,610,220
320,10,230
320,20,228
320,30,232
320,40,236
320,50,240
320,60,244
320,70,254
320,80,258
320,90,264
320,100,272
320,110,278
320,120,282
320,130,286
320,140,292
320,150,296
320,160,302
320,170,306
320,180,312
320,190,320
320,200,328
320,210,334
320,220,344
320,230,348
320,240,352
320,250,354
320,260,352
320,270,346
320,280,340
320,290,332
320,300,324
320,310,318
320,320,314
320,330,308
320,340,306
320,350,308
320,360,310
320,370,316
320,380,322
320,390,338
320,400,344
320,410,348
320,420,352
320,430,356
320,440,356
320,450,356
320,460,356
320,470,350
320,480,344
320,490,338
320,500,324
320,510,312
320,520,298
320,530,288
320,540,280
320,550,268
320,560,256
320,570,246
320,580,236
320,590,230
320,600,224
320,610,220
330,10,226
330,20,226
330,30,228
330,40,232
330,50,236
330,60,240
330,70,244
330,80,250
330,90,258
330,100,266
330,110,272
330,120,276
330,130,282
330,140,286
330,150,292
330,160,298
330,170,300
330,180,306
330,190,312
330,200,320
330,210,330
330,220,340
330,230,346
330,240,352
330,250,352
330,260,352
330,270,346
330,280,344
330,290,338
330,300,330
330,310,326
330,320,320
330,330,316
330,340,314
330,350,316
330,360,318
330,370,322
330,380,332
330,390,340
330,400,340
330,410,346
330,420,350
330,430,352
330,440,356
330,450,352
330,460,346
330,470,342
330,480,336
330,490,328
330,500,316
330,510,306
330,520,292
330,530,280
330,540,274
330,550,264
330,560,254
330,570,242
330,580,234
330,590,226
330,600,222
330,610,220
340,10,222
340,20,224
340,30,226
340,40,228
340,50,232
340,60,236
340,70,240
340,80,244
340,90,252
340,100,260
340,110,266
340,120,272
340,130,278
340,140,284
340,150,290
340,160,294
340,170,296
340,180,302
340,190,310
340,200,316
340,210,326
340,220,336
340,230,346
340,240,352
340,250,354
340,260,354
340,270,352
340,280,348
340,290,342
340,300,338
340,310,332
340,320,328
340,330,322
340,340,322
340,350,324
340,360,328
340,370,330
340,380,334
340,390,340
340,400,340
340,410,342
340,420,346
340,430,346
340,440,346
340,450,340
340,460,336
340,470,330
340,480,326
340,490,320
340,500,310
340,510,298
340,520,286
340,530,276
340,540,268
340,550,260
340,560,250
340,570,238
340,580,232
340,590,224
340,600,220
340,610,218
350,10,220
350,20,224
350,30,226
350,40,226
350,50,228
350,60,232
350,70,236
350,80,240
350,90,246
350,100,254
350,110,262
350,120,268
350,130,274
350,140,282
350,150,286
350,160,290
350,170,296
350,180,300
350,190,308
350,200,314
350,210,322
350,220,332
350,230,342
350,240,352
350,250,356
350,260,356
350,270,356
350,280,352
350,290,348
350,300,344
350,310,340
350,320,334
350,330,334
350,340,334
350,350,332
350,360,336
350,370,340
350,380,338
350,390,336
350,400,334
350,410,336
350,420,336
350,430,336
350,440,336
350,450,334
350,460,330
350,470,326
350,480,320
350,490,312
350,500,304
350,510,292
350,520,280
350,530,272
350,540,262
350,550,256
350,560,244
350,570,236
350,580,228
350,590,220
350,600,220
350,610,218
360,10,218
360,20,220
360,30,222
360,40,224
360,50,228
360,60,232
360,70,236
360,80,238
360,90,240
360,100,248
360,110,256
360,120,262
360,130,272
360,140,280
360,150,284
360,160,290
360,170,294
360,180,300
360,190,306
360,200,314
360,210,320
360,220,330
360,230,340
360,240,348
360,250,356
360,260,358
360,270,358
360,280,356
360,290,356
360,300,352
360,310,348
360,320,342
360,330,340
360,340,340
360,350,340
360,360,336
360,370,334
360,380,332
360,390,328
360,400,326
360,410,322
360,420,324
360,430,326
360,440,326
360,450,326
360,460,322
360,470,320
360,480,314
360,490,306
360,500,296
360,510,284
360,520,272
360,530,260
360,540,254
360,550,248
360,560,240
360,570,234
360,580,226
360,590,220
360,600,220
360,610,218
370,10,216
370,20,218
370,30,222
370,40,224
370,50,228
370,60,232
370,70,234
370,80,236
370,90,240
370,100,242
370,110,250
370,120,256
370,130,264
370,140,276
370,150,284
370,160,288
370,170,294
370,180,298
370,190,306
370,200,312
370,210,320
370,220,328
370,230,340
370,240,348
370,250,356
370,260,360
370,270,360
370,280,358
370,290,358
370,300,356
370,310,352
370,320,344
370,330,340
370,340,340
370,350,340
370,360,336
370,370,332
370,380,328
370,390,324
370,400,320
370,410,314
370,420,312
370,430,314
370,440,316
370,450,316
370,460,312
370,470,306
370,480,302
370,490,298
370,500,288
370,510,278
370,520,260
370,530,254
370,540,248
370,550,242
370,560,236
370,570,230
370,580,224
370,590,220
370,600,220
370,610,218
380,10,216
380,20,218
380,30,222
380,40,226
380,50,228
380,60,232
380,70,234
380,80,236
380,90,238
380,100,240
380,110,244
380,120,252
380,130,260
380,140,270
380,150,278
380,160,286
380,170,294
380,180,298
380,190,304
380,200,312
380,210,320
380,220,328
380,230,338
380,240,346
380,250,354
380,260,360
380,270,360
380,280,360
380,290,360
380,300,358
380,310,356
380,320,348
380,330,340
380,340,340
380,350,336
380,360,334
380,370,330
380,380,326
380,390,322
380,400,314
380,410,308
380,420,306
380,430,304
380,440,304
380,450,304
380,460,298
380,470,296
380,480,294
380,490,288
380,500,280
380,510,268
380,520,256
380,530,250
380,540,244
380,550,238
380,560,234
380,570,228
380,580,220
380,590,220
380,600,218
380,610,218
390,10,214
390,20,216
390,30,222
390,40,224
390,50,228
390,60,230
390,70,232
390,80,234
390,90,238
390,100,240
390,110,242
390,120,248
390,130,256
390,140,266
390,150,274
390,160,282
390,170,290
390,180,298
390,190,304
390,200,312
390,210,320
390,220,328
390,230,336
390,240,344
390,250,352
390,260,358
390,270,360
390,280,360
390,290,360
390,300,358
390,310,356
390,320,348
390,330,340
390,340,336
390,350,332
390,360,330
390,370,326
390,380,322
390,390,316
390,400,308
390,410,300
390,420,298
390,430,296
390,440,292
390,450,290
390,460,286
390,470,286
390,480,286
390,490,280
390,500,272
390,510,260
390,520,252
390,530,246
390,540,240
390,550,236
390,560,230
390,570,224
390,580,220
390,590,220
390,600,218
390,610,218
400,10,214
400,20,216
400,30,220
400,40,224
400,50,226
400,60,226
400,70,230
400,80,232
400,90,236
400,100,240
400,110,244
400,120,250
400,130,256
400,140,264
400,150,272
400,160,280
400,170,290
400,180,296
400,190,300
400,200,310
400,210,320
400,220,328
400,230,334
400,240,340
400,250,348
400,260,354
400,270,358
400,280,358
400,290,356
400,300,352
400,310,352
400,320,346
400,330,338
400,340,332
400,350,328
400,360,326
400,370,322
400,380,318
400,390,310
400,400,304
400,410,296
400,420,290
400,430,286
400,440,282
400,450,280
400,460,278
400,470,278
400,480,276
400,490,272
400,500,264
400,510,256
400,520,248
400,530,242
400,540,236
400,550,232
400,560,228
400,570,222
400,580,220
400,590,220
400,600,218
400,610,216
410,10,214
410,20,216
410,30,218
410,40,222
410,50,226
410,60,228
410,70,232
410,80,234
410,90,238
410,100,240
410,110,244
410,120,250
410,130,256
410,140,264
410,150,274
410,160,282
410,170,288
410,180,292
410,190,298
410,200,304
410,210,314
410,220,324
410,230,332
410,240,336
410,250,342
410,260,346
410,270,350
410,280,350
410,290,346
410,300,344
410,310,344
410,320,342
410,330,336
410,340,330
410,350,324
410,360,320
410,370,316
410,380,312
410,390,306
410,400,298
410,410,290
410,420,284
410,430,278
410,440,276
410,450,274
410,460,272
410,470,270
410,480,266
410,490,262
410,500,258
410,510,252
410,520,244
410,530,238
410,540,234
410,550,228
410,560,224
410,570,220
410,580,220
410,590,218
410,600,216
410,610,214
420,10,216
420,20,218
420,30,220
420,40,224
420,50,228
420,60,230
420,70,232
420,80,234
420,90,238
420,100,240
420,110,244
420,120,252
420,130,258
420,140,266
420,150,274
420,160,282
420,170,286
420,180,292
420,190,296
420,200,302
420,210,310
420,220,320
420,230,328
420,240,334
420,250,336
420,260,338
420,270,340
420,280,340
420,290,338
420,300,336
420,310,334
420,320,336
420,330,332
420,340,326
420,350,320
420,360,316
420,370,310
420,380,306
420,390,300
420,400,294
420,410,286
420,420,280
420,430,274
420,440,272
420,450,268
420,460,266
420,470,264
420,480,260
420,490,258
420,500,254
420,510,250
420,520,242
420,530,236
420,540,230
420,550,224
420,560,220
420,570,220
420,580,220
420,590,216
420,600,214
420,610,214
430,10,218
430,20,220
430,30,222
430,40,226
430,50,230
430,60,232
430,70,234
430,80,236
430,90,240
430,100,242
430,110,246
430,120,252
430,130,258
430,140,266
430,150,276
430,160,282
430,170,286
430,180,292
430,190,296
430,200,300
430,210,310
430,220,318
430,230,326
430,240,330
430,250,332
430,260,334
430,270,336
430,280,336
430,290,332
430,300,330
430,310,328
430,320,322
430,330,320
430,340,318
430,350,316
430,360,310
430,370,304
430,380,298
430,390,294
430,400,288
430,410,282
430,420,276
430,430,270
430,440,268
430,450,264
430,460,260
430,470,258
430,480,256
430,490,252
430,500,248
430,510,244
430,520,240
430,530,234
430,540,226
430,550,222
430,560,220
430,570,220
430,580,220
430,590,216
430,600,214
430,610,214
440,10,220
440,20,222
440,30,224
440,40,226
440,50,232
440,60,234
440,70,236
440,80,238
440,90,240
440,100,244
440,110,250
440,120,254
440,130,260
440,140,266
440,150,276
440,160,282
440,170,286
440,180,292
440,190,296
440,200,300
440,210,308
440,220,318
440,230,324
440,240,326
440,250,328
440,260,332
440,270,332
440,280,332
440,290,330
440,300,326
440,310,322
440,320,318
440,330,314
440,340,312
440,350,310
440,360,306
440,370,300
440,380,292
440,390,286
440,400,280
440,410,276
440,420,272
440,430,266
440,440,264
440,450,260
440,460,258
440,470,256
440,480,250
440,490,248
440,500,244
440,510,240
440,520,238
440,530,234
440,540,228
440,550,222
440,560,220
440,570,220
440,580,218
440,590,216
440,600,214
440,610,214
450,10,222
450,20,224
450,30,226
450,40,228
450,50,232
450,60,234
450,70,236
450,80,238
450,90,240
450,100,246
450,110,250
450,120,256
450,130,260
450,140,268
450,150,278
450,160,282
450,170,288
450,180,292
450,190,296
450,200,302
450,210,308
450,220,316
450,230,322
450,240,328
450,250,332
450,260,334
450,270,336
450,280,332
450,290,330
450,300,326
450,310,322
450,320,316
450,330,312
450,340,308
450,350,304
450,360,300
450,370,292
450,380,284
450,390,278
450,400,274
450,410,270
450,420,266
450,430,262
450,440,260
450,450,258
450,460,256
450,470,254
450,480,250
450,490,246
450,500,242
450,510,240
450,520,236
450,530,232
450,540,226
450,550,222
450,560,220
450,570,220
450,580,218
450,590,216
450,600,214
450,610,212
460,10,222
460,20,224
460,30,226
460,40,230
460,50,234
460,60,236
460,70,236
460,80,240
460,90,242
460,100,248
460,110,252
460,120,256
460,130,262
460,140,270
460,150,278
460,160,284
460,170,288
460,180,292
460,190,296
460,200,302
460,210,310
460,220,320
460,230,328
460,240,330
460,250,336
460,260,338
460,270,338
460,280,336
460,290,332
460,300,326
460,310,320
460,320,316
460,330,312
460,340,306
460,350,302
460,360,296
460,370,290
460,380,284
460,390,278
460,400,274
460,410,270
460,420,264
460,430,260
460,440,258
460,450,254
460,460,252
460,470,250
460,480,248
460,490,246
460,500,240
460,510,240
460,520,234
460,530,232
460,540,228
460,550,224
460,560,220
460,570,220
460,580,216
460,590,214
460,600,212
460,610,212
470,10,224
470,20,226
470,30,228
470,40,232
470,50,234
470,60,236
470,70,238
470,80,240
470,90,244
470,100,248
470,110,254
470,120,258
470,130,264
470,140,270
470,150,278
470,160,284
470,170,288
470,180,292
470,190,298
470,200,304
470,210,314
470,220,324
470,230,334
470,240,338
470,250,340
470,260,340
470,270,340
470,280,336
470,290,330
470,300,326
470,310,322
470,320,318
470,330,314
470,340,310
470,350,302
470,360,296
470,370,290
470,380,282
470,390,278
470,400,272
470,410,268
470,420,264
470,430,260
470,440,256
470,450,254
470,460,252
470,470,248
470,480,246
470,490,244
470,500,240
470,510,238
470,520,234
470,530,232
470,540,228
470,550,224
470,560,222
470,570,218
470,580,214
470,590,212
470,600,212
470,610,210
480,10,226
480,20,228
480,30,230
480,40,232
480,50,234
480,60,238
480,70,238
480,80,240
480,90,244
480,100,250
480,110,254
480,120,258
480,130,264
480,140,270
480,150,278
480,160,284
480,170,288
480,180,294
480,190,298
480,200,308
480,210,318
480,220,328
480,230,338
480,240,340
480,250,340
480,260,340
480,270,340
480,280,340
480,290,336
480,300,330
480,310,326
480,320,322
480,330,316
480,340,310
480,350,302
480,360,296
480,370,290
480,380,284
480,390,278
480,400,274
480,410,270
480,420,264
480,430,262
480,440,256
480,450,252
480,460,250
480,470,248
480,480,244
480,490,242
480,500,240
480,510,238
480,520,234
480,530,230
480,540,226
480,550,222
480,560,220
480,570,218
480,580,212
480,590,210
480,600,210
480,610,208
490,10,226
490,20,228
490,30,230
490,40,234
490,50,236
490,60,238
490,70,240
490,80,242
490,90,246
490,100,250
490,110,254
490,120,260
490,130,264
490,140,270
490,150,278
490,160,284
490,170,290
490,180,296
490,190,300
490,200,312
490,210,322
490,220,332
490,230,340
490,240,340
490,250,340
490,260,340
490,270,340
490,280,340
490,290,338
490,300,332
490,310,326
490,320,322
490,330,318
490,340,310
490,350,302
490,360,296
490,370,292
490,380,286
490,390,280
490,400,276
490,410,270
490,420,268
490,430,264
490,440,260
490,450,254
490,460,250
490,470,246
490,480,242
490,490,240
490,500,240
490,510,238
490,520,232
490,530,228
490,540,224
490,550,220
490,560,220
490,570,216
490,580,212
490,590,210
490,600,208
490,610,208
500,10,228
500,20,230
500,30,232
500,40,234
500,50,236
500,60,238
500,70,240
500,80,242
500,90,246
500,100,252
500,110,256
500,120,260
500,130,266
500,140,272
500,150,278
500,160,284
500,170,290
500,180,296
500,190,304
500,200,314
500,210,322
500,220,332
500,230,336
500,240,340
500,250,340
500,260,340
500,270,340
500,280,336
500,290,332
500,300,328
500,310,326
500,320,320
500,330,318
500,340,310
500,350,302
500,360,296
500,370,292
500,380,286
500,390,282
500,400,276
500,410,272
500,420,268
500,430,264
500,440,260
500,450,256
500,460,250
500,470,246
500,480,242
500,490,240
500,500,240
500,510,236
500,520,232
500,530,226
500,540,222
500,550,220
500,560,220
500,570,218
500,580,212
500,590,210
500,600,208
500,610,208
510,10,230
510,20,232
510,30,234
510,40,236
510,50,238
510,60,240
510,70,242
510,80,242
510,90,246
510,100,252
510,110,256
510,120,262
510,130,268
510,140,272
510,150,278
510,160,284
510,170,290
510,180,298
510,190,304
510,200,314
510,210,322
510,220,326
510,230,328
510,240,332
510,250,336
510,260,334
510,270,332
510,280,328
510,290,326
510,300,322
510,310,320
510,320,316
510,330,312
510,340,304
510,350,298
510,360,294
510,370,288
510,380,286
510,390,282
510,400,278
510,410,272
510,420,268
510,430,264
510,440,260
510,450,256
510,460,250
510,470,244
510,480,240
510,490,240
510,500,238
510,510,234
510,520,230
510,530,226
510,540,220
510,550,220
510,560,218
510,570,214
510,580,212
510,590,210
510,600,208
510,610,208
520,10,230
520,20,232
520,30,234
520,40,236
520,50,238
520,60,240
520,70,242
520,80,244
520,90,246
520,100,250
520,110,256
520,120,262
520,130,268
520,140,274
520,150,278
520,160,284
520,170,290
520,180,298
520,190,304
520,200,312
520,210,318
520,220,318
520,230,320
520,240,324
520,250,324
520,260,322
520,270,322
520,280,320
520,290,318
520,300,316
520,310,314
520,320,310
520,330,306
520,340,300
520,350,296
520,360,292
520,370,290
520,380,286
520,390,284
520,400,280
520,410,274
520,420,268
520,430,262
520,440,258
520,450,252
520,460,248
520,470,244
520,480,240
520,490,238
520,500,234
520,510,230
520,520,226
520,530,222
520,540,220
520,550,218
520,560,218
520,570,214
520,580,212
520,590,210
520,600,208
520,610,208
530,10,228
530,20,230
530,30,232
530,40,232
530,50,236
530,60,238
530,70,240
530,80,242
530,90,244
530,100,252
530,110,258
530,120,264
530,130,270
530,140,274
530,150,280
530,160,286
530,170,292
530,180,298
530,190,304
530,200,310
530,210,312
530,220,314
530,230,316
530,240,318
530,250,318
530,260,318
530,270,316
530,280,316
530,290,314
530,300,310
530,310,306
530,320,302
530,330,300
530,340,298
530,350,294
530,360,292
530,370,290
530,380,288
530,390,284
530,400,282
530,410,276
530,420,270
530,430,264
530,440,256
530,450,250
530,460,244
530,470,240
530,480,236
530,490,234
530,500,230
530,510,226
530,520,224
530,530,220
530,540,218
530,550,216
530,560,216
530,570,212
530,580,210
530,590,210
530,600,208
530,610,208
540,10,226
540,20,228
540,30,230
540,40,232
540,50,234
540,60,236
540,70,238
540,80,240
540,90,246
540,100,252
540,110,258
540,120,264
540,130,270
540,140,276
540,150,280
540,160,286
540,170,292
540,180,296
540,190,302
540,200,306
540,210,308
540,220,312
540,230,314
540,240,314
540,250,314
540,260,314
540,270,312
540,280,310
540,290,308
540,300,304
540,310,300
540,320,298
540,330,296
540,340,294
540,350,292
540,360,290
540,370,288
540,380,284
540,390,282
540,400,280
540,410,278
540,420,272
540,430,264
540,440,258
540,450,250
540,460,242
540,470,236
540,480,232
540,490,230
540,500,226
540,510,222
540,520,220
540,530,218
540,540,216
540,550,216
540,560,214
540,570,212
540,580,210
540,590,208
540,600,208
540,610,208
550,10,224
550,20,226
550,30,228
550,40,230
550,50,232
550,60,234
550,70,238
550,80,240
550,90,244
550,100,252
550,110,260
550,120,266
550,130,272
550,140,276
550,150,282
550,160,286
550,170,292
550,180,296
550,190,300
550,200,304
550,210,308
550,220,310
550,230,310
550,240,310
550,250,310
550,260,310
550,270,308
550,280,304
550,290,304
550,300,300
550,310,296
550,320,294
550,330,292
550,340,290
550,350,290
550,360,286
550,370,284
550,380,282
550,390,280
550,400,280
550,410,280
550,420,274
550,430,266
550,440,258
550,450,250
550,460,240
550,470,234
550,480,230
550,490,222
550,500,220
550,510,220
550,520,218
550,530,216
550,540,214
550,550,214
550,560,212
550,570,210
550,580,210
550,590,208
550,600,208
550,610,206
560,10,222
560,20,224
560,30,228
560,40,230
560,50,232
560,60,234
560,70,236
560,80,240
560,90,244
560,100,250
560,110,262
560,120,268
560,130,274
560,140,278
560,150,284
560,160,288
560,170,292
560,180,296
560,190,300
560,200,304
560,210,306
560,220,306
560,230,306
560,240,306
560,250,306
560,260,306
560,270,306
560,280,302
560,290,298
560,300,294
560,310,292
560,320,288
560,330,288
560,340,286
560,350,286
560,360,284
560,370,282
560,380,280
560,390,280
560,400,280
560,410,280
560,420,276
560,430,268
560,440,260
560,450,246
560,460,240
560,470,236
560,480,222
560,490,220
560,500,220
560,510,220
560,520,216
560,530,214
560,540,212
560,550,216
560,560,210
560,570,210
560,580,208
560,590,208
560,600,206
560,610,206
570,10,222
570,20,224
570,30,226
570,40,230
570,50,230
570,60,232
570,70,234
570,80,238
570,90,242
570,100,252
570,110,262
570,120,270
570,130,276
570,140,280
570,150,284
570,160,288
570,170,292
570,180,296
570,190,300
570,200,302
570,210,302
570,220,302
570,230,302
570,240,302
570,250,302
570,260,302
570,270,302
570,280,300
570,290,296
570,300,292
570,310,288
570,320,284
570,330,282
570,340,282
570,350,284
570,360,282
570,370,280
570,380,280
570,390,280
570,400,280
570,410,280
570,420,280
570,430,272
570,440,264
570,450,252
570,460,240
570,470,230
570,480,220
570,490,220
570,500,220
570,510,218
570,520,214
570,530,212
570,540,210
570,550,214
570,560,210
570,570,208
570,580,208
570,590,208
570,600,206
570,610,206
580,10,224
580,20,226
580,30,226
580,40,228
580,50,230
580,60,232
580,70,234
580,80,238
580,90,244
580,100,254
580,110,264
580,120,270
580,130,278
580,140,282
580,150,286
580,160,290
580,170,294
580,180,298
580,190,300
580,200,300
580,210,300
580,220,300
580,230,300
580,240,300
580,250,300
580,260,300
580,270,300
580,280,298
580,290,294
580,300,288
580,310,284
580,320,282
580,330,280
580,340,280
580,350,280
580,360,280
580,370,280
580,380,280
580,390,280
580,400,280
580,410,280
580,420,280
580,430,274
580,440,266
580,450,256
580,460,240
580,470,234
580,480,220
580,490,220
580,500,220
580,510,216
580,520,212
580,530,210
580,540,210
580,550,212
580,560,210
580,570,208
580,580,208
580,590,206
580,600,206
580,610,206
590,10,224
590,20,226
590,30,228
590,40,228
590,50,232
590,60,234
590,70,236
590,80,240
590,90,244
590,100,256
590,110,264
590,120,272
590,130,278
590,140,282
590,150,288
590,160,292
590,170,294
590,180,298
590,190,300
590,200,300
590,210,300
590,220,300
590,230,300
590,240,300
590,250,300
590,260,300
590,270,300
590,280,298
590,290,292
590,300,286
590,310,282
590,320,280
590,330,280
590,340,278
590,350,278
590,360,278
590,370,280
590,380,280
590,390,280
590,400,280
590,410,280
590,420,280
590,430,274
590,440,266
590,450,258
590,460,242
590,470,236
590,480,220
590,490,220
590,500,218
590,510,214
590,520,212
590,530,210
590,540,210
590,550,210
590,560,208
590,570,208
590,580,206
590,590,206
590,600,206
590,610,204
600,10,224
600,20,228
600,30,228
600,40,230
600,50,232
600,60,234
600,70,238
600,80,240
600,90,244
600,100,256
600,110,266
600,120,272
600,130,280
600,140,284
600,150,288
600,160,292
600,170,296
600,180,300
600,190,300
600,200,300
600,210,300
600,220,300
600,230,300
600,240,300
600,250,300
600,260,300
600,270,300
600,280,296
600,290,290
600,300,284
600,310,280
600,320,276
600,330,276
600,340,276
600,350,274
600,360,276
600,370,280
600,380,280
600,390,280
600,400,280
600,410,280
600,420,280
600,430,274
600,440,268
600,450,260
600,460,244
600,470,236
600,480,220
600,490,220
600,500,216
600,510,212
600,520,210
600,530,206
600,540,208
600,550,208
600,560,208
600,570,208
600,580,206
600,590,206
600,600,204
600,610,204
610,10,226
610,20,228
610,30,230
610,40,232
610,50,232
610,60,234
610,70,236
610,80,240
610,90,246
610,100,258
610,110,266
610,120,274
610,130,280
610,140,284
610,150,288
610,160,292
610,170,298
610,180,300
610,190,300
610,200,300
610,210,300
610,220,300
610,230,300
610,240,300
610,250,300
610,260,300
610,270,300
610,280,294
610,290,286
610,300,282
610,310,278
610,320,274
610,330,272
610,340,272
610,350,270
610,360,272
610,370,276
610,380,280
610,390,280
610,400,280
610,410,280
610,420,278
610,430,272
610,440,268
610,450,260
610,460,246
610,470,238
610,480,226
610,490,218
610,500,216
610,510,212
610,520,208
610,530,206
610,540,208
610,550,208
610,560,208
610,570,206
610,580,206
610,590,204
610,600,204
610,610,202
620,10,228
620,20,230
620,30,230
620,40,232
620,50,234
620,60,236
620,70,236
620,80,240
620,90,246
620,100,258
620,110,266
620,120,274
620,130,280
620,140,286
620,150,290
620,160,294
620,170,300
620,180,300
620,190,300
620,200,300
620,210,300
620,220,300
620,230,300
620,240,300
620,250,300
620,260,300
620,270,296
620,280,290
620,290,284
620,300,278
620,310,276
620,320,272
620,330,270
620,340,268
620,350,268
620,360,268
620,370,272
620,380,276
620,390,274
620,400,276
620,410,278
620,420,274
620,430,268
620,440,264
620,450,250
620,460,244
620,470,234
620,480,228
620,490,218
620,500,214
620,510,210
620,520,206
620,530,204
620,540,208
620,550,208
620,560,206
620,570,206
620,580,204
620,590,204
620,600,202
620,610,202
630,10,228
630,20,230
630,30,232
630,40,234
630,50,234
630,60,238
630,70,236
630,80,240
630,90,246
630,100,256
630,110,264
630,120,272
630,130,278
630,140,284
630,150,290
630,160,296
630,170,300
630,180,300
630,190,300
630,200,300
630,210,300
630,220,300
630,230,300
630,240,300
630,250,300
630,260,300
630,270,294
630,280,288
630,290,282
630,300,278
630,310,272
630,320,270
630,330,268
630,340,266
630,350,264
630,360,264
630,370,268
630,380,268
630,390,268
630,400,268
630,410,270
630,420,266
630,430,262
630,440,256
630,450,248
630,460,240
630,470,232
630,480,226
630,490,220
630,500,214
630,510,208
630,520,204
630,530,204
630,540,206
630,550,206
630,560,206
630,570,204
630,580,204
630,590,204
630,600,202
630,610,200
640,10,230
640,20,232
640,30,232
640,40,234
640,50,236
640,60,238
640,70,238
640,80,240
640,90,248
640,100,256
640,110,264
640,120,272
640,130,278
640,140,284
640,150,290
640,160,296
640,170,300
640,180,300
640,190,300
640,200,300
640,210,300
640,220,300
640,230,300
640,240,300
640,250,300
640,260,298
640,270,292
640,280,286
640,290,280
640,300,276
640,310,270
640,320,268
640,330,266
640,340,262
640,350,262
640,360,262
640,370,262
640,380,262
640,390,262
640,400,262
640,410,260
640,420,254
640,430,248
640,440,244
640,450,238
640,460,234
640,470,230
640,480,224
640,490,218
640,500,212
640,510,208
640,520,202
640,530,204
640,540,206
640,550,206
640,560,204
640,570,204
640,580,204
640,590,202
640,600,200
640,610,200
650,10,230
650,20,232
650,30,234
650,40,236
650,50,236
650,60,238
650,70,240
650,80,246
650,90,250
650,100,256
650,110,262
650,120,270
650,130,276
650,140,282
650,150,290
650,160,296
650,170,300
650,180,300
650,190,300
650,200,300
650,210,300
650,220,300
650,230,300
650,240,300
650,250,300
650,260,294
650,270,290
650,280,284
650,290,278
650,300,274
650,310,268
650,320,264
650,330,262
650,340,260
650,350,258
650,360,256
650,370,256
650,380,256
650,390,256
650,400,256
650,410,252
650,420,246
650,430,242
650,440,238
650,450,232
650,460,228
650,470,224
650,480,220
650,490,216
650,500,210
650,510,206
650,520,202
650,530,206
650,540,206
650,550,206
650,560,204
650,570,204
650,580,202
650,590,200
650,600,200
650,610,200
660,10,232
660,20,234
660,30,236
660,40,236
660,50,238
660,60,240
660,70,244
660,80,246
660,90,250
660,100,256
660,110,262
660,120,268
660,130,274
660,140,282
660,150,290
660,160,296
660,170,298
660,180,300
660,190,300
660,200,300
660,210,300
660,220,300
660,230,300
660,240,300
660,250,296
660,260,290
660,270,286
660,280,282
660,290,276
660,300,270
660,310,266
660,320,260
660,330,258
660,340,256
660,350,254
660,360,252
660,370,250
660,380,250
660,390,250
660,400,248
660,410,246
660,420,240
660,430,236
660,440,232
660,450,228
660,460,222
660,470,218
660,480,214
660,490,212
660,500,208
660,510,204
660,520,200
660,530,202
660,540,202
660,550,204
660,560,204
660,570,202
660,580,200
660,590,200
660,600,200
660,610,200
670,10,232
670,20,234
670,30,236
670,40,238
670,50,240
670,60,242
670,70,246
670,80,248
670,90,252
670,100,256
670,110,260
670,120,266
670,130,274
670,140,280
670,150,288
670,160,290
670,170,294
670,180,296
670,190,298
670,200,300
670,210,298
670,220,298
670,230,294
670,240,292
670,250,288
670,260,282
670,270,278
670,280,272
670,290,266
670,300,262
670,310,258
670,320,256
670,330,254
670,340,252
670,350,250
670,360,248
670,370,246
670,380,246
670,390,244
670,400,242
670,410,240
670,420,236
670,430,232
670,440,228
670,450,224
670,460,216
670,470,214
670,480,210
670,490,206
670,500,204
670,510,200
670,520,200
670,530,200
670,540,200
670,550,202
670,560,202
670,570,200
670,580,200
670,590,200
670,600,200
670,610,200
680,10,234
680,20,236
680,30,238
680,40,238
680,50,240
680,60,242
680,70,246
680,80,248
680,90,252
680,100,256
680,110,258
680,120,262
680,130,270
680,140,278
680,150,284
680,160,286
680,170,290
680,180,292
680,190,294
680,200,294
680,210,294
680,220,292
680,230,288
680,240,284
680,250,280
680,260,276
680,270,270
680,280,266
680,290,260
680,300,256
680,310,254
680,320,252
680,330,250
680,340,248
680,350,246
680,360,244
680,370,242
680,380,240
680,390,238
680,400,236
680,410,234
680,420,230
680,430,228
680,440,224
680,450,220
680,460,212
680,470,210
680,480,204
680,490,202
680,500,200
680,510,200
680,520,200
680,530,200
680,540,200
680,550,200
680,560,200
680,570,200
680,580,198
680,590,198
680,600,198
680,610,198
690,10,234
690,20,236
690,30,238
690,40,240
690,50,240
690,60,242
690,70,246
690,80,248
690,90,250
690,100,252
690,110,256
690,120,258
690,130,264
690,140,274
690,150,280
690,160,284
690,170,286
690,180,286
690,190,288
690,200,288
690,210,288
690,220,286
690,230,282
690,240,278
690,250,274
690,260,270
690,270,266
690,280,260
690,290,256
690,300,254
690,310,252
690,320,250
690,330,246
690,340,244
690,350,242
690,360,240
690,370,238
690,380,234
690,390,232
690,400,230
690,410,228
690,420,224
690,430,222
690,440,216
690,450,214
690,460,210
690,470,200
690,480,200
690,490,200
690,500,200
690,510,200
690,520,200
690,530,200
690,540,198
690,550,198
690,560,198
690,570,198
690,580,198
690,590,198
690,600,198
690,610,196
700,10,232
700,20,234
700,30,236
700,40,240
700,50,240
700,60,242
700,70,244
700,80,246
700,90,248
700,100,250
700,110,252
700,120,256
700,130,260
700,140,268
700,150,278
700,160,280
700,170,282
700,180,282
700,190,282
700,200,282
700,210,282
700,220,280
700,230,276
700,240,272
700,250,268
700,260,266
700,270,262
700,280,258
700,290,254
700,300,250
700,310,248
700,320,246
700,330,244
700,340,240
700,350,238
700,360,236
700,370,234
700,380,232
700,390,228
700,400,224
700,410,222
700,420,216
700,430,218
700,440,212
700,450,212
700,460,200
700,470,200
700,480,200
700,490,200
700,500,200
700,510,198
700,520,198
700,530,198
700,540,198
700,550,198
700,560,198
700,570,198
700,580,196
700,590,196
700,600,196
700,610,194
710,10,228
710,20,230
710,30,232
710,40,234
710,50,238
710,60,238
710,70,240
710,80,242
710,90,244
710,100,246
710,110,250
710,120,254
710,130,258
710,140,266
710,150,272
710,160,268
710,170,268
710,180,272
710,190,276
710,200,276
710,210,274
710,220,274
710,230,270
710,240,266
710,250,264
710,260,260
710,270,258
710,280,254
710,290,250
710,300,248
710,310,244
710,320,242
710,330,240
710,340,238
710,350,234
710,360,232
710,370,230
710,380,228
710,390,224
710,400,220
710,410,218
710,420,216
710,430,214
710,440,210
710,450,210
710,460,200
710,470,200
710,480,200
710,490,200
710,500,198
710,510,198
710,520,198
710,530,196
710,540,196
710,550,196
710,560,196
710,570,196
710,580,194
710,590,194
710,600,194
710,610,194
720,10,224
720,20,226
720,30,228
720,40,230
720,50,232
720,60,232
720,70,234
720,80,238
720,90,240
720,100,244
720,110,248
720,120,252
720,130,254
720,140,258
720,150,258
720,160,256
720,170,254
720,180,258
720,190,264
720,200,266
720,210,266
720,220,266
720,230,266
720,240,262
720,250,258
720,260,254
720,270,252
720,280,250
720,290,248
720,300,244
720,310,242
720,320,238
720,330,236
720,340,234
720,350,232
720,360,228
720,370,226
720,380,224
720,390,220
720,400,218
720,410,216
720,420,212
720,430,212
720,440,210
720,450,200
720,460,200
720,470,200
720,480,196
720,490,196
720,500,196
720,510,196
720,520,196
720,530,196
720,540,194
720,550,194
720,560,194
720,570,194
720,580,194
720,590,194
720,600,194
720,610,192
730,10,218
730,20,222
730,30,224
730,40,224
730,50,226
730,60,226
730,70,226
730,80,228
730,90,232
730,100,238
730,110,242
730,120,246
730,130,248
730,140,250
730,150,248
730,160,246
730,170,246
730,180,246
730,190,250
730,200,254
730,210,258
730,220,258
730,230,256
730,240,256
730,250,254
730,260,250
730,270,248
730,280,246
730,290,244
730,300,242
730,310,238
730,320,236
730,330,234
730,340,232
730,350,228
730,360,226
730,370,224
730,380,220
730,390,218
730,400,216
730,410,214
730,420,212
730,430,210
730,440,200
730,450,200
730,460,200
730,470,194
730,480,194
730,490,194
730,500,194
730,510,194
730,520,194
730,530,194
730,540,192
730,550,192
730,560,192
730,570,192
730,580,192
730,590,192
730,600,192
730,610,192
740,10,212
740,20,214
740,30,216
740,40,216
740,50,218
740,60,220
740,70,220
740,80,224
740,90,226
740,100,228
740,110,234
740,120,238
740,130,240
740,140,242
740,150,238
740,160,234
740,170,234
740,180,234
740,190,236
740,200,240
740,210,246
740,220,248
740,230,250
740,240,250
740,250,250
740,260,246
740,270,242
740,280,240
740,290,240
740,300,238
740,310,236
740,320,234
740,330,232
740,340,230
740,350,228
740,360,226
740,370,222
740,380,218
740,390,218
740,400,214
740,410,212
740,420,210
740,430,200
740,440,200
740,450,200
740,460,192
740,470,192
740,480,192
740,490,192
740,500,192
740,510,192
740,520,192
740,530,192
740,540,192
740,550,192
740,560,192
740,570,192
740,580,192
740,590,192
740,600,192
740,610,192
750,10,208
750,20,210
750,30,210
750,40,212
750,50,212
750,60,214
750,70,216
750,80,216
750,90,218
750,100,218
750,110,222
750,120,230
750,130,232
750,140,228
750,150,226
750,160,224
750,170,222
750,180,220
750,190,222
750,200,226
750,210,232
750,220,238
750,230,244
750,240,244
750,250,244
750,260,242
750,270,240
750,280,238
750,290,236
750,300,236
750,310,234
750,320,232
750,330,230
750,340,228
750,350,226
750,360,224
750,370,222
750,380,216
750,390,216
750,400,212
750,410,210
750,420,200
750,430,200
750,440,200
750,450,192
750,460,192
750,470,192
750,480,192
750,490,192
750,500,192
750,510,192
750,520,192
750,530,192
750,540,192
750,550,192
750,560,192
750,570,192
750,580,192
750,590,192
750,600,192
750,610,192
760,10,204
760,20,206
760,30,206
760,40,208
760,50,208
760,60,210
760,70,212
760,80,212
760,90,214
760,100,216
760,110,218
760,120,222
760,130,224
760,140,220
760,150,218
760,160,216
760,170,216
760,180,216
760,190,216
760,200,218
760,210,220
760,220,224
760,230,232
760,240,234
760,250,234
760,260,236
760,270,236
760,280,236
760,290,234
760,300,232
760,310,232
760,320,230
760,330,228
760,340,226
760,350,224
760,360,222
760,370,220
760,380,214
760,390,214
760,400,210
760,410,200
760,420,200
760,430,200
760,440,194
760,450,192
760,460,192
760,470,192
760,480,192
760,490,192
760,500,192
760,510,192
760,520,192
760,530,192
760,540,192
760,550,192
760,560,192
760,570,192
760,580,192
760,590,192
760,600,192
760,610,192
770,10,202
770,20,204
770,30,206
770,40,206
770,50,208
770,60,210
770,70,210
770,80,212
770,90,212
770,100,214
770,110,216
770,120,218
770,130,218
770,140,214
770,150,212
770,160,212
770,170,210
770,180,210
770,190,210
770,200,212
770,210,214
770,220,216
770,230,218
770,240,220
770,250,222
770,260,226
770,270,228
770,280,230
770,290,230
770,300,230
770,310,228
770,320,226
770,330,224
770,340,222
770,350,220
770,360,216
770,370,216
770,380,212
770,390,210
770,400,200
770,410,200
770,420,200
770,430,194
770,440,194
770,450,192
770,460,192
770,470,192
770,480,192
770,490,192
770,500,192
770,510,192
770,520,192
770,530,192
770,540,192
770,550,192
770,560,192
770,570,192
770,580,192
770,590,192
770,600,192
770,610,192
780,10,200
780,20,202
780,30,204
780,40,204
780,50,206
780,60,206
780,70,208
780,80,208
780,90,210
780,100,212
780,110,212
780,120,214
780,130,212
780,140,212
780,150,212
780,160,210
780,170,210
780,180,208
780,190,206
780,200,206
780,210,208
780,220,210
780,230,214
780,240,216
780,250,220
780,260,222
780,270,222
780,280,224
780,290,224
780,300,226
780,310,226
780,320,224
780,330,222
780,340,220
780,350,216
780,360,214
780,370,212
780,380,210
780,390,200
780,400,200
780,410,200
780,420,196
780,430,194
780,440,194
780,450,192
780,460,192
780,470,192
780,480,192
780,490,192
780,500,192
780,510,192
780,520,192
780,530,192
780,540,192
780,550,192
780,560,192
780,570,192
780,580,192
780,590,192
780,600,192
780,610,192
790,10,200
790,20,202
790,30,202
790,40,204
790,50,204
790,60,206
790,70,206
790,80,208
790,90,208
790,100,210
790,110,210
790,120,210
790,130,210
790,140,212
790,150,210
790,160,210
790,170,208
790,180,206
790,190,204
790,200,202
790,210,204
790,220,206
790,230,208
790,240,212
790,250,214
790,260,220
790,270,222
790,280,222
790,290,222
790,300,224
790,310,224
790,320,224
790,330,220
790,340,214
790,350,214
790,360,212
790,370,210
790,380,204
790,390,200
790,400,200
790,410,198
790,420,196
790,430,194
790,440,194
790,450,192
790,460,192
790,470,192
790,480,192
790,490,192
790,500,192
790,510,192
790,520,192
790,530,192
790,540,192
790,550,192
790,560,192
790,570,192
790,580,192
790,590,192
790,600,192
790,610,190
800,10,198
800,20,200
800,30,202
800,40,204
800,50,204
800,60,206
800,70,206
800,80,206
800,90,208
800,100,208
800,110,208
800,120,208
800,130,206
800,140,208
800,150,208
800,160,208
800,170,208
800,180,204
800,190,202
800,200,202
800,210,204
800,220,206
800,230,208
800,240,210
800,250,214
800,260,220
800,270,222
800,280,222
800,290,222
800,300,222
800,310,222
800,320,222
800,330,216
800,340,212
800,350,210
800,360,210
800,370,204
800,380,202
800,390,200
800,400,198
800,410,198
800,420,196
800,430,194
800,440,194
800,450,192
800,460,192
800,470,192
800,480,192
800,490,192
800,500,192
800,510,192
800,520,192
800,530,192
800,540,192
800,550,192
800,560,192
800,570,192
800,580,192
800,590,192
800,600,190
800,610,190
810,10,198
810,20,200
810,30,200
810,40,202
810,50,202
810,60,204
810,70,204
810,80,204
810,90,206
810,100,206
810,110,206
810,120,206
810,130,204
810,140,206
810,150,206
810,160,208
810,170,206
810,180,204
810,190,202
810,200,202
810,210,202
810,220,204
810,230,206
810,240,208
810,250,212
810,260,218
810,270,220
810,280,222
810,290,222
810,300,222
810,310,220
810,320,220
810,330,214
810,340,210
810,350,206
810,360,208
810,370,200
810,380,200
810,390,198
810,400,198
810,410,196
810,420,196
810,430,194
810,440,194
810,450,192
810,460,192
810,470,192
810,480,192
810,490,192
810,500,192
810,510,192
810,520,192
810,530,192
810,540,192
810,550,190
810,560,190
810,570,190
810,580,190
810,590,190
810,600,190
810,610,190
820,10,198
820,20,200
820,30,200
820,40,200
820,50,202
820,60,202
820,70,202
820,80,204
820,90,204
820,100,206
820,110,204
820,120,204
820,130,202
820,140,204
820,150,204
820,160,206
820,170,206
820,180,202
820,190,202
820,200,200
820,210,202
820,220,202
820,230,204
820,240,206
820,250,210
820,260,218
820,270,220
820,280,220
820,290,222
820,300,220
820,310,220
820,320,218
820,330,212
820,340,210
820,350,200
820,360,204
820,370,200
820,380,198
820,390,198
820,400,198
820,410,196
820,420,196
820,430,194
820,440,194
820,450,192
820,460,192
820,470,192
820,480,192
820,490,192
820,500,192
820,510,190
820,520,190
820,530,190
820,540,190
820,550,190
820,560,190
820,570,190
820,580,190
820,590,190
820,600,190
820,610,188
830,10,198
830,20,198
830,30,198
830,40,198
830,50,200
830,60,200
830,70,202
830,80,202
830,90,204
830,100,204
830,110,202
830,120,202
830,130,202
830,140,202
830,150,202
830,160,204
830,170,204
830,180,202
830,190,200
830,200,200
830,210,202
830,220,202
830,230,202
830,240,206
830,250,208
830,260,214
830,270,218
830,280,218
830,290,220
830,300,220
830,310,218
830,320,216
830,330,210
830,340,204
830,350,200
830,360,200
830,370,198
830,380,198
830,390,198
830,400,196
830,410,196
830,420,196
830,430,194
830,440,192
830,450,192
830,460,192
830,470,192
830,480,192
830,490,190
830,500,190
830,510,190
830,520,190
830,530,190
830,540,190
830,550,190
830,560,188
830,570,188
830,580,188
830,590,188
830,600,188
830,610,188
840,10,196
840,20,198
840,30,198
840,40,198
840,50,198
840,60,200
840,70,200
840,80,202
840,90,202
840,100,204
840,110,202
840,120,200
840,130,200
840,140,200
840,150,202
840,160,202
840,170,202
840,180,200
840,190,200
840,200,200
840,210,200
840,220,202
840,230,202
840,240,202
840,250,206
840,260,212
840,270,214
840,280,218
840,290,218
840,300,218
840,310,218
840,320,214
840,330,208
840,340,202
840,350,200
840,360,198
840,370,198
840,380,198
840,390,196
840,400,196
840,410,196
840,420,194
840,430,192
840,440,192
840,450,192
840,460,192
840,470,190
840,480,190
840,490,190
840,500,190
840,510,190
840,520,190
840,530,190
840,540,188
840,550,188
840,560,188
840,570,188
840,580,188
840,590,188
840,600,188
840,610,188
850,10,196
850,20,196
850,30,196
850,40,198
850,50,198
850,60,198
850,70,200
850,80,200
850,90,202
850,100,202
850,110,200
850,120,200
850,130,198
850,140,198
850,150,200
850,160,200
850,170,200
850,180,200
850,190,200
850,200,200
850,210,200
850,220,202
850,230,202
850,240,202
850,250,204
850,260,210
850,270,212
850,280,218
850,290,216
850,300,218
850,310,214
850,320,210
850,330,204
850,340,200
850,350,200
850,360,198
850,370,198
850,380,196
850,390,196
850,400,196
850,410,194
850,420,192
850,430,192
850,440,192
850,450,192
850,460,190
850,470,190
850,480,190
850,490,190
850,500,190
850,510,190
850,520,188
850,530,188
850,540,188
850,550,188
850,560,188
850,570,188
850,580,188
850,590,188
850,600,188
850,610,188
860,10,194
860,20,196
860,30,196
860,40,196
860,50,198
860,60,198
860,70,198
860,80,200
860,90,200
860,100,200
860,110,200
860,120,200
860,130,198
860,140,198
860,150,198
860,160,200
860,170,200
860,180,200
860,190,200
860,200,200
860,210,200
860,220,200
860,230,202
860,240,202
860,250,202
860,260,206
860,270,208
860,280,210
860,290,212
860,300,210
860,310,208
860,320,202
860,330,200
860,340,200
860,350,198
860,360,198
860,370,196
860,380,196
860,390,194
860,400,194
860,410,194
860,420,192
860,430,192
860,440,192
860,450,190
860,460,190
860,470,190
860,480,190
860,490,190
860,500,188
860,510,188
860,520,188
860,530,188
860,540,188
860,550,188
860,560,188
860,570,188
860,580,188
860,590,188
860,600,188
860,610,188
870,10,194
870,20,194
870,30,194
870,40,196
870,50,196
870,60,198
870,70,198
870,80,198
870,90,200
870,100,200
870,110,200
870,120,198
870,130,198
870,140,198
870,150,198
870,160,198
870,170,200
870,180,200
870,190,200
870,200,200
870,210,200
870,220,200
870,230,202
870,240,202
870,250,200
870,260,200
870,270,200
870,280,200
870,290,200
870,300,200
870,310,200
870,320,200
870,330,200
870,340,200
870,350,198
870,360,198
870,370,196
870,380,194
870,390,194
870,400,194
870,410,192
870,420,192
870,430,192
870,440,190
870,450,190
870,460,190
870,470,190
870,480,188
870,490,188
870,500,188
870,510,188
870,520,188
870,530,188
870,540,188
870,550,188
870,560,188
870,570,188
870,580,188
870,590,188
870,600,188
870,610,188
